{
  "contacts": [
    {
      "fullname": "مهران گرجی",
      "photo": "https://placehold.co/200x200",
      "mobile": [
        "09128865436"
      ],
      "email": "mehran.azizi@gmail.com",
      "job": "مهندس عمران",
      "group": "1",
      "id": 3
    },
    {
      "fullname": "مهنا صفدری",
      "photo": "https://placehold.co/200x200",
      "mobile": "09364001518",
      "email": "mohana_sa@gmail.com",
      "job": "پزشک",
      "group": "3",
      "id": 4
    },
    {
      "fullname": "صادق نجومیان ",
      "photo": "https://placehold.co/200x200",
      "mobile": "09378899098",
      "email": "sadeq@yahoo.com",
      "job": "مهندس نرم افزار",
      "group": "1",
      "id": 6
    },
    {
      "fullname": "مینا نظری",
      "photo": "https://placehold.co/200x200",
      "mobile": "09124548361",
      "email": "mina.nazary66@gmail.com",
      "job": "مهندس نرم افزار",
      "group": "2",
      "id": 8
    },
    {
      "fullname": "مهین مهین ترابی",
      "photo": "https://placehold.co/200x200",
      "mobile": "09124548367",
      "email": "mahin@icloud.com",
      "job": "آرایشگر",
      "group": "3",
      "id": 9
    },
    {
      "fullname": "سید مهدی",
      "photo": "https://placehold.co/200x200",
      "mobile": "۰۹۳۶۷۷۸۴۵۳۲",
      "email": "seyed@gmail.com",
      "job": "مهندس IT",
      "group": "3",
      "id": 10
    }
  ],
  "groups": [
    {
      "id": "1",
      "name": "همکار"
    },
    {
      "id": "2",
      "name": "دوست"
    },
    {
      "id": "3",
      "name": "فامیل"
    }
  ]
}